market,asin,title,keyword,store,remark,link,image_url,Discount Price,Commission,status
US,B0FX1YN81W,美国痔疮膏,hemorrhoidal treatment,heimenshangmao,Need Text Review,https://amzn.to/3Ya7UKR,https://m.media-amazon.com/images/I/71mCulX9VtL._AC_SL1500_.jpg,0.00,0.00,active
US,B0CZRD28S5,美国超声波清洗机,zima dental pod ultrasonic cleaner,Woot,"Pay attention to choosing the store ""woot""",https://amzn.to/49IYJIa,https://m.media-amazon.com/images/I/71AnL6hywJL._SL1500_.jpg,0.00,0.00,active
UK,B0FGD33CRQ,英国脚垫,EMS Foot Massager,ISMAIL ABUL,Need Text Review,https://amzn.to/4j7Ff2q,https://m.media-amazon.com/images/I/71vtXYWC50L._AC_SX679_.jpg,0.00,0.00,active
UK,B0G1Y9WTDL,英国助眠仪,EMS Sleep Aid Device,MengXiDiShop,Need Text Review,https://amzn.to/4p9ubTO,https://m.media-amazon.com/images/I/71uA+tc5TZL._AC_SX679_.jpg,0.00,0.00,active
UK,B0F487VGDM,英国高频仪,high frequency wand,Hongzhou Wang Store,Need Text Review,https://amzn.to/4ogaedF,https://m.media-amazon.com/images/I/619XAoHtFAL._AC_SX425_.jpg,0.00,0.00,active
DE,B0FPLS2DKS,德国电动牙刷,automatische ultraschall zahnbürste,Hongzhou Wang Store,Need Text Review,https://amzn.to/48Ml3j3,https://m.media-amazon.com/images/I/61t2zAStwHL._AC_SY450_.jpg,0.00,0.00,active
UK,B0G3PNYG2K,英国充电宝,BYEGUJIN Power Bank 881,"Guangzhou Lintang Trading Co., Ltd.",Need Text Review,https://amzn.to/4asYO39,https://m.media-amazon.com/images/I/71-rsTUyCmL._AC_SX569_.jpg,0.00,0.00,active
US,B0FMJGFZ24,美国手部按摩仪图评,"hand massager ",Alljoy Official Store,Need Image Review,https://amzn.to/3XJmqsH,https://m.media-amazon.com/images/I/61bZ7LnNNXL._AC_SL1500_.jpg,5.00,0.00,active
US,B0FLPQQTB6,美国猫蒸汽刷,B0FLPQQTB6,LIXIAOCHAO,,https://amzn.to/43WQYL8,https://m.media-amazon.com/images/I/71GYmXKLg2L._SX679_.jpg,0.00,0.00,active
US,B0FH6R2P4S,美国远红外热敷贴,eat patches for back pain,JY MEDICAL,,https://amzn.to/4acjufy,https://m.media-amazon.com/images/I/71EoGvJCg6L._AC_SY300_SX300_QL70_FMwebp_.jpg,0.00,0.00,active
US,B0DMQVRQ98,美国发套,hairnets for foodservice,Ritzy-US,Need Text Review,https://amzn.to/483NsRz,"https://m.media-amazon.com/images/I/71qyMTTYb3L._SX679_PIbundle-500,TopRight,0,0_AA679SH20_.jpg",0.00,0.00,active
US,B0F6V36S1G,美国椅子垫图评,chair mat," tonaus store","Size: 36"" x 48"" for Hard Floor",https://amzn.to/4pTsIlJ,https://m.media-amazon.com/images/I/81Z-Z73NhjL._AC_SX569_.jpg,0.00,0.00,active
US,B0FZ5KCCMH,美国儿童GPS追踪器,GPS Tracker for Kids,WUJIU,Need Text Review,https://amzn.to/4p4U2NO,https://m.media-amazon.com/images/I/71y2NRgQP3L._AC_SL1500_.jpg,0.00,0.00,active
US,B0FH9QT9XS,美国棒球架图评,baseball necklace holder,Skilldance,Need Image Review,https://amzn.to/3Mww5Au,https://m.media-amazon.com/images/I/71+MpbZ1vyL._AC_SY300_SX300_QL70_FMwebp_.jpg,0.00,0.00,active
US,B0FR2NJG8L,美国护膝图评,"ZJMQJ Knee Brace Meniscus Tear Support "," qijun2012",,https://amzn.to/4p4ZPD5,https://m.media-amazon.com/images/I/71XtUhsvDmL._SX385_.jpg,0.00,0.00,active
FR,B0DCG12F1K,法国 iPhone 16 Pro Max 手机壳," oretech coque pour 16 pro max ",ORETech EU,Need Text Review,https://amzn.to/3XQGLw2,https://m.media-amazon.com/images/I/81Kcx9O6rYL._AC_SY355_.jpg,0.00,2.00,active
US,B0G4G65PYS,美国除湿机,dehumidifier,U kitchen Store,Need Text Review,https://amzn.to/3MnBkT9,https://m.media-amazon.com/images/I/61ZixoSGV-L._AC_SL1500_.jpg,0.00,0.00,active
US,B0FZ5RJ8B9,美国猫追踪器,cat tracker,WUJIU,Need Text Review,https://amzn.to/4pDjQkg,https://m.media-amazon.com/images/I/81IIf2eT3JL._AC_SL1500_.jpg,0.00,0.00,active
US,B0F1F9777B,美国污水泵,bilge pumps for boats,KOLERFLO,,https://amzn.to/3KrTbHI,https://m.media-amazon.com/images/I/61q-S+WB+4L._AC_SY300_SX300_QL70_FMwebp_.jpg,0.00,0.00,active
US,B0FBW9VGRG,美国猫追踪器,cat tracker,WUJIU,,https://amzn.to/43O8xgo,https://m.media-amazon.com/images/I/71dGCGXAOlL._AC_SX425_.jpg,0.00,0.00,active
FR,B0D1XW2MDY,法国iphone 15Plus手机壳," coque iphone 15 plus"," ORETech EU",No Review,https://amzn.to/3LViYIW,https://m.media-amazon.com/images/I/712i0x5Va9L._AC_SX425_.jpg,0.00,1.00,active
US,1182856065,美国沃尔玛摄像头,Webcam 4K,Vizolink,,https://www.walmart.com/ip/PC-Camera-Webcam-with-4-Microphones-1080P-for-Laptop-Video-Call-Conference-Stream-Computer-Webcam-Vizolink/1182856065?classType=VARIANT&adsRedirect=true,https://i5.walmartimages.com/seo/PC-Camera-Webcam-with-4-Microphones-1080P-for-Laptop-Video-Call-Conference-Stream-Computer-Webcam-Vizolink_7be1f1b3-5def-44fb-804b-397c6b690d3b.ee4f0faaafa573f8984048c63a53552b.jpeg?odnHeight=573&odnWidth=573&odnBg=FFFFFF,0.00,0.00,active
FR,B0FVXLY391,法国灭蚊灯,moustiques uv tueur électrique,ZanNa Store,Need Text Review,https://amzn.to/4iBm3tV,https://m.media-amazon.com/images/I/61P4AH9tAtL._AC_SX679_.jpg,0.00,0.00,active
US,B0FNRMQ6GQ,美国戒指,love ring," Yiwushixiaoshengdianzishangwuyouxiangongsi",,https://amzn.to/4iKtGOH,https://m.media-amazon.com/images/I/51BT+feRXVL._AC_SY500_.jpg,0.00,0.00,active
US,B0DZC33VRN,美国颈部按摩器,neck massager,WANLIHENG,Need Text Review,https://amzn.to/4rp9RAa,https://m.media-amazon.com/images/I/61bEKd+r9eL._AC_SX679_.jpg,0.00,0.00,active
US,B0F8J3PRJY,美国地板通风口盖,Vent Deflectors,"Maimeng Technology Co., Ltd",,https://amzn.to/3XkjrqA,"https://m.media-amazon.com/images/I/71EqhDNpbwL._AC_SX679_PIbundle-2,TopRight,0,0_SH20_.jpg",0.00,0.00,active
US,B0DW8J2G54,美国探测器,camera detector,JEWGINBRU,Sold by JEWGINBRU,https://amzn.to/43WPKQ2,https://m.media-amazon.com/images/I/51fibDV96CL._AC_SX679_.jpg,0.00,0.00,active
US,B0DSQ157VQ,美国宠物零食,Dog Lumps and Bumps Supplement,VivaElixir,,https://amzn.to/4aiioyN,https://m.media-amazon.com/images/I/71okVeYfHgL._AC_SX569_.jpg,0.00,0.00,active
ES,B0FDG2XLV4,西班牙成用,vibradorador mujer juguetes eróticos,chengdutuotena,Need Text Review,https://amzn.to/4qtr9v1,https://m.media-amazon.com/images/I/615Cw6II5kL._AC_SX679_.jpg,0.00,0.00,active
US,B0F5HKVCCB,美国无线桥接免评,"Secure 1640ft 2.4GHz Wireless Bridge, 1-Tap Pairing, CCTV Bullet Camera Support, POE Powered, 2-Pack",shenzhenlingjiangkejiyouxiangongsi,No Review,https://amzn.to/4p30R27,https://c.media-amazon.com/images/I/51dUno6bGrL._AC_SX522_.jpg,5.00,0.00,active
UK,B0G2GR615Z,英国蘑菇软糖,mushroom gummies lions mane gummies,MSAVEHU LTD,Need Text Review,https://amzn.to/4aINm3j,https://m.media-amazon.com/images/I/71ftIFZgQDL._AC_SX679_.jpg,0.00,4.00,active
UK,B0FY5PBDTX,英国贴片,Weightless Patches," NODDYHU LTD",Need Text Review,https://amzn.to/4pDTLSi,https://m.media-amazon.com/images/I/61Rvo5soJPL._AC_SX679_.jpg,0.00,4.00,active
US,B0FG2VXX6G,美国游戏机图评,"    electronic games for kids",Woot,"Need Image Review
Sold by
Woot",https://amzn.to/48sQeQy,https://m.media-amazon.com/images/I/71QGXQwxJxL._AC_SL1500_.jpg,0.00,0.00,active
UK,B0FNWMPKMX,英国电动牙刷,ultrasonic toothbrush,Nijiangkou,Need Text Review,https://amzn.to/4aQ76SG,https://m.media-amazon.com/images/I/51Rq-yBxWBL._AC_SX679_.jpg,0.00,0.00,active
UK,B0DQP5FL41,英国美容仪,Facial and Neck Massager,"better personal care ",Need Text Review,https://amzn.to/3XTtR0m,https://f.media-amazon.com/images/I/61ukpZB3b6L._AC_SX679_.jpg,0.00,0.00,active
UK,B0FZ88WYVH,英国颈部按摩,Electric Facial Lifting,ALI Xtreme,Need Text Review,https://amzn.to/4pBOpa8,https://m.media-amazon.com/images/I/61j6kgLeWnL._AC_SX425_.jpg,0.00,0.00,active
US,B0FQBRQN8H,美国相机背带,Divvia camera straps for photographers," Divvia Camera Bags",Need Text Review,https://amzn.to/3M0Pj0W,https://m.media-amazon.com/images/I/71q1KV-C95L._AC_SX679_.jpg,0.00,0.00,active
US,B0FMFLXLZP,"美国皮革印章 ",custom leather stamp," WINSWARE",Need Text Review,https://amzn.to/4jbAR2u,https://m.media-amazon.com/images/I/71tU1uNf5mL._AC_SL1500_.jpg,0.00,0.00,active
US,B0GC4CN5SZ,美国高尔夫球包邮,personalized golf ball," WINSWARE","Need Text Review,Including shipping cost",https://amzn.to/48Xx5Xi,https://m.media-amazon.com/images/I/61cA1OUtcPL._AC_SL1500_.jpg,0.00,0.00,active
US,B0F3X93FVQ,美国浴缸喷口,gold tub spout," fropohome",Need Text Review,https://amzn.to/497vEUK,https://m.media-amazon.com/images/I/51O8WaJQkhL._AC_SX679_.jpg,0.00,0.00,active
US,B0F8H6H3FG,美国通风导流器,vent deflector,"Maimeng Technology Co., Ltd",Need Text Review,https://amzn.to/43Vl5m9,"https://m.media-amazon.com/images/I/61xp-W-rYdL._AC_SX679_PIbundle-2,TopRight,0,0_SH20_.jpg",0.00,0.00,active
US,B0DQ5BHRLS,美国椅垫图评,Round Chair Mat for Hard Floor," BigSN","Size: 36"" Round for Hard Floor
use coupon",https://amzn.to/4p45BEI,https://m.media-amazon.com/images/I/71AQVU3ghbL._AC_SX522_.jpg,0.00,0.00,active
UK,B0FY5Z24H6,英国多巴胺贴片,dopamine patches," NODDYHU LTD",Need Text Review,https://amzn.to/4p9ds40,https://m.media-amazon.com/images/I/61NYFOUyKEL._AC_SX679_.jpg,0.00,4.00,active
UK,B0FY4Q6H7G,"英国消肿贴 ",unpuff patches," NODDYHU LTD",Need Text Review,https://amzn.to/4rlf2kG,https://m.media-amazon.com/images/I/711Xyh+QjZL._AC_SX679_.jpg,0.00,4.00,active
UK,B0DPQMN2PD,"英国颈部按摩 ",Face Massager," ALI Xtreme",Need Text Review,https://amzn.to/3M9JfTT,https://m.media-amazon.com/images/I/61MedAMKB+L._AC_SX679_.jpg,0.00,0.00,active
US,B0D12BD6YL,美国睫毛提升套装,lash lift and tint kit,Amazon.com,Sold by Amazon.com,https://amzn.to/44zF0al,https://m.media-amazon.com/images/I/71S-0eTvGVL._SX679_.jpg,0.00,0.00,active
US,B08GPYDN6P,美国水泵,hot water pressure Pump,POWERENG,Need Text Review,https://amzn.to/4p265KS,https://m.media-amazon.com/images/I/71Jx0ObykOL._AC_SL1500_.jpg,0.00,0.00,active
US,B0FGHZCN4Q,美国 超声波,ultrasonic retainer cleaner," PeiSiShangMao",Need Text Review,https://amzn.to/4ag6LZe,https://m.media-amazon.com/images/I/61O2ElaN+YL._SX679_.jpg,0.00,0.00,active
US,B0FT14ND4S,美国牙刷头,sonicare replacement heads," 7C-CRADLE",Need Text Review 100% refund with all taxes included,https://amzn.to/3KO8gUk,https://m.media-amazon.com/images/I/71jwB2IafbL._AC_SL1500_.jpg,0.00,0.00,active
US,B0FT16L81D,美国牙刷头,philips sonicare replacement heads," 7C-CRADLE","Need Text Review
100% refund with all taxes included",https://amzn.to/4oW9quY,https://m.media-amazon.com/images/I/71WIUwH4UoL._AC_SX679_.jpg,0.00,0.00,active
US,B07J43CWC3,美国水泵,BOOSTER PUMP,KOLERFLO,,https://amzn.to/48pviss,https://m.media-amazon.com/images/I/71TdscB0a3L._AC_SX679_.jpg,5.00,0.00,active
US,B0G1Y9KYC8,美国鼻毛蜡,"nose wax kit ",hengchuangyigou,Need Text Review,https://amzn.to/4qfkggs,https://m.media-amazon.com/images/I/61ZbclC7bKL._SY450_.jpg,0.00,0.00,active
US,B0DPN3J57K,"美国脱发治疗 ",hair regrowth for men,Amazon.com,"Sold by Amazon.com
use coupon",https://amzn.to/44f1VIb,https://m.media-amazon.com/images/I/51zaB-tcEdL._SX679_.jpg,20.00,0.00,active
US,B0FFMTLWHF,美国LED发光电卷,cigarette rolling machine," Cyt1tone",Need Text Review,https://amzn.to/492gXCC,https://m.media-amazon.com/images/I/71XvK+754kL._AC_SY450_.jpg,0.00,0.00,active
US,5407182953,美国沃尔玛按摩器,"Electric Cordless Hair Scalp Massager ",Morfone Official,Need Text Review,https://www.walmart.com/ip/Morfone-Electric-Cordless-Hair-Scalp-Massager-Kneading-76-Massage-Nodes-Handheld-Portable-Head-Scratcher-Growth-Deep-Clean-Stress-Relax-Gifts-Men-Dad/5407182953,http://154.48.226.95:5001/image/20251226/fbb7184b08dd4a49a79f96d1b011119e.png,0.00,0.00,active
US,B0G4FWMY61,美国加湿器,dehumidifier,U kitchen Store,Need Text Review,https://amzn.to/4jcWz6m,https://m.media-amazon.com/images/I/610Lr-9JIDL._AC_SL1500_.jpg,0.00,0.00,active
US,1707852068,美国沃尔玛监控,Baby monitor," Vizolink",Need Text Review,https://www.walmart.com/ip/Vizolink-AI-Smart-2-8-Video-Baby-Monitor-720P-HD-Smart-Cry-Detection-Night-Vision-1200ft-Range-for-Peace-of-Mind/17078520688?athcpid=17078520688&athpgid=AthenaBrandPage&athcgid=null&athznid=ItemCarousel_44526aaa-3685-3bd0-84e7-d1dd5f2d56bb_items&athieid=v0&athstid=CS020&athguid=sHcnBBrH-1MGXf7HWh9F7SoQOSV0IewBTEf8&athancid=null&athena=true&athbdg=L1700&selectedSellerId=9DD2199B163F48D394A37856FD841D0A,http://154.48.226.95:5001/image/20251017/cacd23219f2f46ae83fc74c7626be498.png,0.00,0.00,active
US,B0FH67YS3N,美国羊毛垫,guinea pig mats," wealthy-us",Need Text Review,https://amzn.to/48oHx8t,https://m.media-amazon.com/images/I/81q6oWNCDyL._AC_SL1500_.jpg,0.00,0.00,active
US,B0CN88KJCC,美国排气扇,Bathroom Exhaust Fan with Light,POWERENG,Need Text Review,https://amzn.to/4pLrDwD,https://m.media-amazon.com/images/I/51QItA7WMQL._AC_SX569_.jpg,0.00,0.00,active
US,B0FN441K9L,美国线轴,green pla filament,Best Home Decor Factory,"Need Text Review
Sold by Best Home Decor Factory",https://amzn.to/49qYPUb,https://m.media-amazon.com/images/I/71v+h8kDH6L._AC_SX679_.jpg,0.00,0.00,active
US,B0BWD38HLR,美国排气扇,Bathroom Fan,POWERENG,Need Text Review,https://amzn.to/4aWF1Jw,https://m.media-amazon.com/images/I/51iSOAxJRxL._AC_SX569_.jpg,0.00,0.00,active
US,B0FN441K9L,美国线轴免评点星,green pla filament,Best Home Decor Factory,"Need Rating
Sold by Best Home Decor Factory",https://amzn.to/49qYPUb,https://m.media-amazon.com/images/I/71v+h8kDH6L._AC_SX679_.jpg,0.00,0.00,active
US,B0BY4Z96P4,美国排水篷布,Tredre Ceiling Leak Diverter Drain Tarp," XUMI",Need Text Review,https://amzn.to/4b1sYL2,https://m.media-amazon.com/images/I/61Jc6OYqhML._AC_SL1500_.jpg,0.00,0.00,active
US,B0F1CWP9K6,美国排气扇,Kitchen Exhaust Fan,POWERENG,Need Text Review,https://amzn.to/48VgCBy,https://m.media-amazon.com/images/I/712z9CLd2GL._AC_SL1500_.jpg,0.00,0.00,active
US,B0FG74H8DR,美国水龙头,black tub spout with diverter,fropohome,"Need Text Review,",https://amzn.to/44HBDOV,https://m.media-amazon.com/images/I/51sZTb66MwL._AC_SL1500_.jpg,0.00,0.00,active
US,B0C551H6PB,美国斜切锯图评,Miter Saw Dust Collector with LED Light,XUMI,Need Image Review,https://amzn.to/4pDjdqS,https://m.media-amazon.com/images/I/61r3iCSL9GL._AC_SL1024_.jpg,10.00,0.00,active
US,B0FN46ZC2H,美国线轴免评点星,orange pla filament,Best Home Decor Factory,"Need Rating
Sold by Best Home Decor Factory",https://amzn.to/4pN0cCt,https://m.media-amazon.com/images/I/71cI2RA+ObL._AC_SL1500_.jpg,0.00,0.00,active
US,B0G8J1FMNN,美国鸡蛋印章,custom egg stamp," WINSWARE",Need Text Review,https://amzn.to/45srN3A,https://m.media-amazon.com/images/I/71ZJba08oJL._AC_SL1500_.jpg,0.00,0.00,active
US,B0FVGDFGD9,美国高脚凳,"26"" Modern Counter Height Bar Stools",LVHOMLAX,"Need Text Review,The actual delivery is a black leather case with a stainless steel and gold-legged design.",https://amzn.to/4p3VU8u,https://m.media-amazon.com/images/I/61LOTNoiI5L._AC_SL1500_.jpg,15.00,0.00,active
US,B0DLKZKDSR,美国内衣收纳包税,underwear drawer organizer,lvzhu store,"Color: Grey  Size: Set of 3
100% refund including taxes",https://amzn.to/45dIrE0,"https://m.media-amazon.com/images/I/71AYLKVu1ZL._AC_SX679_PIbundle-3,TopRight,0,0_SH20_.jpg",0.00,0.00,active
US,B0FSKQZ3D2,美国装饰套件,Replacement for Moen T2901BL Gibson,Lingdu-Shop,Need Text Review,https://amzn.to/4qlYacp,https://m.media-amazon.com/images/I/51Mq7ZUIyEL._AC_SL1500_.jpg,0.00,0.00,active
UK,B0FGXL4D4K,英国充电宝,"Xiaocodou Power Bank "," Guangzhou Lintang Trading Co., Ltd.","Need Text Review
Sold by Guangzhou Lintang Trading Co., Ltd.",https://amzn.to/4aV7Tli,https://m.media-amazon.com/images/I/61Njd-RC0BL._AC_SX679_.jpg,0.00,0.00,active
US,B0FSZ8S6G6,美国椅垫图评,WASJOYE Office Chair Mat Office Chair Mat for Hard Floor," BigSN","Need Image Review.Request to use the coupon for purchase
The comment content requires ""no dents, not easy to move""",https://amzn.to/49jTeyV,https://m.media-amazon.com/images/I/712AHw9MfhL._AC_SL1200_.jpg,0.00,0.00,active
FR,B0FJDQQM9Q,法国瘦脸仪,Appareil de Levage du Visage,Rolls-Roy Store,Need Text Review,https://amzn.to/48rZ283,https://m.media-amazon.com/images/I/51N17adb-RL._AC_SY355_.jpg,0.00,0.00,active
US,B0GCS6H7LC,美国椅垫图评," Cloud Couch Sectional"," YI DANICA",Need Image Review,https://amzn.to/49dzuvS,https://m.media-amazon.com/images/I/41zDyJjrcwL._AC_SL1280_.jpg,5.00,0.00,active
US,B0FYFB9H43,美国情人节灯,valentine window lights/valentines day window lights/valentine heart lights," TOPJDB SHOP",Need Text Review,https://amzn.to/495nP3r,https://m.media-amazon.com/images/I/71zBYo6086L._AC_SL1500_.jpg,0.00,0.00,active
DE,B0FT39GRB7,德国橡胶靴,"Damen Gummistiefel Halbhoch Regenstiefel Gummistiefeletten ",MUFANTON EU,Need Text Review,https://www.amazon.de/Mufanton-Gummistiefel-Regenstiefel-Gummistiefeletten-Gartenschuhe/dp/B0FT39GRB7/?th=1&psc=1,https://m.media-amazon.com/images/I/51EvYEzmHQL._AC_SY535_.jpg,0.00,0.00,active
US,B0D5CV3K4K,美国 iPhone 14 /13保护壳," Magnetic for iPhone 13 Case with screen protector"," ORETech_Direct_USA",Need Text Review,https://amzn.to/43TGcFv,https://m.media-amazon.com/images/I/91mTkNnAh1L._AC_SY300_SX300_QL70_FMwebp_.jpg,0.00,5.00,active
US,B0FQBR1PV9,美国相机带图评,"Divvia 1.8""Wide Professional Camera Neck Strap",Divvia Camera Bags,Need Image Review,https://amzn.to/3K9aAVF,https://m.media-amazon.com/images/I/61ULMLMjcLL._AC_SX679_.jpg,0.00,0.00,active
US,B0FYLXDNV9,"美国追踪标签 ",android airtag,Woot,Need Text Review,https://amzn.to/4pPFxOf,https://m.media-amazon.com/images/I/71EIffSNFxL._AC_SL1500_.jpg,0.00,5.00,active
US,2569874589,美国tiktok盒子,pre roll case,pre roll case,Need Text Review,https://www.tiktok.com/shop/pdp/1732031059697766416?source=ecommerce_searchresult&enter_method=feed_list_search_word&first_entrance=homepage_hot&first_entrance_position=navigation_bar,http://154.48.226.95:5001/image/20251203/40a06a59ae4a4d2fae18d9bd362e7a50.png,0.00,5.00,active
US,B0F298G4YP,美国椅垫图评,Chair Mat for Carpet," BigSN","Size: 36"" Round for Carpet",https://amzn.to/4p09ASJ,https://m.media-amazon.com/images/I/81EusYOhfkL._AC_SX679_.jpg,0.00,0.00,active
US,B0FCCLB76S,美国喂鸟器图评,platform bird feeders," STRANGE KOALA",Need Image Review,https://amzn.to/482dmFk,https://m.media-amazon.com/images/I/819O4J8xUbL._AC_SL1500_.jpg,0.00,0.00,active
US,B0FCCLTD85,美国喂鸟器 图评,platform bird feeders," STRANGE KOALA",Need Text Review,https://amzn.to/48CHC9S,https://m.media-amazon.com/images/I/815MWJoSvxL._AC_SL1500_.jpg,0.00,0.00,active
DE,B0FY26J9MQ,德国生日礼金,Geldgeschenke Geburtstag 60,Bella Prime Sociedad Limitada,Need Text Review,https://amzn.to/4oEOkks,https://m.media-amazon.com/images/I/71l1bcAZTGL._AC_SX679_.jpg,0.00,0.00,active
UK,B0FP4WBTGN,英国驱蚊灯,Waterproof Mosquito Killer,TaoGeng Store,Need Text Review,https://amzn.to/49WZIVg,https://m.media-amazon.com/images/I/61DVWIJ8YeL._AC_SX679_.jpg,0.00,0.00,active
UK,B0FQV7LM7P,英国腹贴,Muscle Stimulator,YANGMINGKAI LTD,Need Text Review,https://amzn.to/3YIcqjM,https://m.media-amazon.com/images/I/71BjXjOTuYL._AC_SX679_.jpg,0.00,0.00,active
UK,B0G34N86SC,英国扳手工具,Tap Spanner Tool,tianwen ranshao,Need Text Review,https://www.amazon.co.uk/dp/B0G34N86SC,https://m.media-amazon.com/images/I/71tkER5FzsL._AC_SX679_.jpg,0.00,0.00,active
US,B0F7XWCGDJ,美国睫毛提升套装,eyelash lift kit and tint,Amazon.com,Sold by Amazon.com,https://amzn.to/49Iw6eb,https://m.media-amazon.com/images/I/710JI+DM2lL._SX679_.jpg,0.00,0.00,active
FR,B0FSZWYVGX,法国触屏笔,pencil ipad air 13 pouces,guangzhouxinmiaochangdianziyouxiangongsi,Need Text Review,https://amzn.to/44oAMlU,https://m.media-amazon.com/images/I/71yukQv88vL._AC_SX679_.jpg,0.00,0.00,active
ES,B0FT39GRB7,西班牙雨靴,"Botas de Agua Mujer Zapatos de Lluvia ",MUFANTON EU,Need Text Review,https://www.amazon.es/Mufanton-Zapatos-Lluvia-Antideslizante-Botines/dp/B0FT39GRB7/?th=1&psc=1,https://m.media-amazon.com/images/I/51EvYEzmHQL._AC_SY500_.jpg,0.00,0.00,active
FR,B0FT39GRB7,法国橡胶靴,"Bottes de Pluie Chic pour Femmes ",MUFANTON EU,Need Text Review,https://www.amazon.fr/Mufanton-Caoutchouc-Tendance-El%C3%A9gante-Antid%C3%A9rapant/dp/B0FT39GRB7/?th=1&psc=1,https://m.media-amazon.com/images/I/51EvYEzmHQL._AC_SY500_.jpg,0.00,0.00,active
UK,B0FMXXGPRS,英国美容仪,face massager,Nijiangkou,Sold by Nijiangkou,https://amzn.to/49lOwRT,https://m.media-amazon.com/images/I/61d6HZrJipL._AC_SX679_.jpg,0.00,0.00,active
UK,B0G34B3VTZ,英国扳手工具,Tap Spanner Tool,tianwen ranshao,Need Text Review,https://www.amazon.co.uk/dp/B0G34B3VTZ,https://m.media-amazon.com/images/I/71SLKGHldvL._AC_SX679_.jpg,0.00,0.00,active
UK,B0DQPBC859,英国美容仪,Facial and Neck Massager,"better personal care ",Need Text Review,https://amzn.to/3K1ligW,https://m.media-amazon.com/images/I/61-CoyAOXRL._AC_SX679_.jpg,0.00,0.00,active
US,B0FQBR1PV9,美国相机带,"Divvia 1.8""Wide Professional Camera Neck Strap",Divvia Camera Bags,,https://amzn.to/4rp4S2G,https://m.media-amazon.com/images/I/61ULMLMjcLL._AC_SX679_.jpg,0.00,0.00,active
US,B0DYCF9179,美国靠背图评,lumbar support pillow," Shinnwa",,https://amzn.to/4om7taT,https://m.media-amazon.com/images/I/71mWxIBnf-L._AC_SX569_.jpg,0.00,0.00,active
IT,B0F1CKJ5Q1,意大利成用,vibratore,TRADILLAStore,Need Text Review,https://amzn.to/4amWQB4,https://m.media-amazon.com/images/I/61ilhcaxtKL._AC_SX425_.jpg,0.00,0.00,active
US,1182856065,美国沃尔玛摄像头图评,Webcam 4K,Vizolink,,https://www.walmart.com/ip/PC-Camera-Webcam-with-4-Microphones-1080P-for-Laptop-Video-Call-Conference-Stream-Computer-Webcam-Vizolink/1182856065?classType=VARIANT&adsRedirect=true,https://i5.walmartimages.com/seo/PC-Camera-Webcam-with-4-Microphones-1080P-for-Laptop-Video-Call-Conference-Stream-Computer-Webcam-Vizolink_7be1f1b3-5def-44fb-804b-397c6b690d3b.ee4f0faaafa573f8984048c63a53552b.jpeg?odnHeight=573&odnWidth=573&odnBg=FFFFFF,0.00,0.00,active
US,7663002693,美国沃尔玛容器,Travel Bottle,Morfone Official,Need Text Review,https://www.walmart.com/ip/Morfone-Travel-Bottles-kit-TSA-Approved-Size-Containers-Toiletries-Leak-Proof-Refillable-Liquid-Accessories-Toiletry-Bag-Cosmetic-Shampoo-Conditioner/7663002693,http://154.48.226.95:5001/image/20251226/642bcb85c90941c8a3f8d445c6b37924.png,0.00,0.00,active
DE,B0G1JT2PV4,德国相框,1965 PERSONALISIERBAR," LNGVBF",Select configurations that don't cost any money.,https://amzn.to/3Xng7uH,https://m.media-amazon.com/images/I/81O7mfqnklL._AC_SX679_.jpg,0.00,0.00,active
US,B0D5MCBGFC,美国灌装机免评点星,cone loader," Cyt1tone",Need Rating,https://amzn.to/48J8vsP,https://m.media-amazon.com/images/I/71DKIoNg36L._AC_SL1500_.jpg,0.00,0.00,active
US,B0D5MCBGFC,美国灌装机,cone loader," Cyt1tone",Need Text Review,https://amzn.to/48J8vsP,https://m.media-amazon.com/images/I/71DKIoNg36L._AC_SL1500_.jpg,0.00,0.00,active
US,3577273062,美国ebay户外灯,Solar Light Outdoor Waterproof,Depuley,,https://www.ebay.com/itm/357727306272,http://154.48.226.95:5001/image/20251010/cc4d77a6a3b44f34b86952f37822a73f.png,0.00,0.00,active
US,B0DZMZBVTQ,美国水凝胶正畸蜡," Orthodontic Wax for Braces",Kaminson,,https://amzn.to/3KcS6Ug,https://m.media-amazon.com/images/I/71jpWJ+L9HL._SX679_.jpg,0.00,0.00,active
US,B0FRG5FWMM,美国夹子图评,ZJEOSO Gold Binder Clips Paper Clamps,Princess - Gifts,Need Image Review,https://amzn.to/49C1KKm,https://m.media-amazon.com/images/I/81v0KZ406GL._AC_SX679_.jpg,0.00,0.00,active
UK,B0FX3WG5KZ,英国红萝卜服装,carrot costume," Liao shengmin store",Need Text Review,https://amzn.to/3MP6yCK,https://m.media-amazon.com/images/I/51NqjTA4JsL._AC_SX425_.jpg,0.00,0.00,active
US,B0FCSFYFSD,美国碳包,"charcoal odor absorber ",SANTAAMZ,Need Text Review,https://amzn.to/4qezClA,https://m.media-amazon.com/images/I/7111UykpW-L._AC_SL1500_.jpg,0.00,0.00,active
UK,B0FVYYS6L6,英国除毛手套," Pet hair removal gloves 店铺：ECLI",ECLIPSE HORIZON LIMITED,Need Text Review,https://amzn.to/4s0JQrs,https://m.media-amazon.com/images/I/61hL2zVftBL._AC_SX679_.jpg,0.00,0.00,active
US,B0FS6333FR,美国大理石礼品袋,Large Gift Bag with Tissue Papers,YoungTree-US,"Need Text Review
100% refund with all taxes included",https://amzn.to/4aevHQO,https://m.media-amazon.com/images/I/71e2WhAYuGL._AC_SL1500_.jpg,0.00,0.00,active
FR,B0G3GRGQQN,法国腹贴,electrostimulateur musculaire,hulonglongjingpin,Need Text Review,https://amzn.to/3MU84n0,https://m.media-amazon.com/images/I/71cOymU-TmL._AC_SX679_.jpg,0.00,0.00,active
DE,B0FLCPY45R,德国挂钩免评feedback,Generisch Handtuchhaken Ohne Bohren," RongChao Yang",Need Feedback,https://amzn.to/3Xng02f,https://m.media-amazon.com/images/I/61v06M28f-L._AC_SY879_.jpg,0.00,0.00,active
US,B0DYCF9179,美国靠背,lumbar support pillow," Shinnwa",Need Text Review,https://amzn.to/4om7taT,https://m.media-amazon.com/images/I/71mWxIBnf-L._AC_SX569_.jpg,0.00,0.00,active
DE,B0FM7V7S5Z,意大利驱鼠器,Ultrasuoni per Topi,HarryPotter World,Need Text Review,https://amzn.to/3Yd06rE,https://m.media-amazon.com/images/I/71Pm2H2b0wL._AC_SX679_.jpg,0.00,0.00,active
US,B0FS5CP1VZ,美国礼品袋生日款,Happy Birthday Gift Bag,YoungTree-US,"Need Text Review
100% refund with all taxes included",https://amzn.to/4pE4N9v,https://m.media-amazon.com/images/I/71eKUA5Vx2L._AC_SL1500_.jpg,0.00,0.00,active
DE,B0FY12R2VX,德国礼物,geldgeschenk 18. geburtstag junge,YangZhen EU,Need Text Review,https://amzn.to/44hpr7d,https://m.media-amazon.com/images/I/71WwTrmcolL._AC_SX679_.jpg,0.00,0.00,active
US,B0FLVXVVLX,美国女士香水,Pheromones Perfumes for Women,VivaFemme Store,Need Text Review,https://amzn.to/43RSz4N,https://m.media-amazon.com/images/I/710SZWoZu1L._SL1500_.jpg,0.00,0.00,active
US,B0FT38CS6L,美国黑金年龄礼品袋,Happy Birthday Gift Bag,YoungTree-US,"Need Text Review
100% refund with all taxes included",https://amzn.to/4pQINbA,https://m.media-amazon.com/images/I/71RgK-csSbL._AC_SL1500_.jpg,0.00,0.00,active
US,B0FHX85C3F,美国身份证卡包,Bat Wallet ID,Harrier Baby,Need Text Review,https://amzn.to/4pD5Tmd,https://m.media-amazon.com/images/I/71eaYGbyFbL._AC_SL1460_.jpg,0.00,0.00,active
US,B0DX1T4B5F,美国重金属,rockstar costume for kids,FeiXingXin,Need Text Review,https://amzn.to/49HGQJL,https://m.media-amazon.com/images/I/7159SgZNxuL._AC_SX679_.jpg,0.00,0.00,active
US,B0G1S93BZF,美国床褥整理工具,INSMART Extra Long Bed Sheet Tucker,zhoululuadas,Need Text Review,https://amzn.to/3M9aEFA,https://m.media-amazon.com/images/I/61-tynpUrlL._AC_SL1500_.jpg,0.00,0.00,active
US,B0FLK162VD,美国办公桌铭牌,Name Plate for Desk," Customized acrylic",Need Text Review,https://amzn.to/4rlp45q,https://m.media-amazon.com/images/I/7109wzLiK1L._AC_SX679_.jpg,0.00,0.00,active
US,B0FSJ7WM9S,美国烟盒免评点星,joint holder case,PYRETIC SMART KITS,Need Rating,https://amzn.to/3MMbp7J,https://m.media-amazon.com/images/I/617nCjgGj7L._AC_SL1500_.jpg,0.00,0.00,active
US,B0FFX5NZ39,美国刮痧工具,gua sha tools," NovaxDream",,https://amzn.to/44tSRiv,https://m.media-amazon.com/images/I/61W3P4yjO7L._AC_SY450_.jpg,0.00,0.00,active
US,B0DD6C46DB,美国汽车配件,"  799584 Carburetor  ",JAVENYIMAN-US,,https://amzn.to/484UTbh,https://m.media-amazon.com/images/I/81bSsWi96wL._AC_SY450_.jpg,0.00,0.00,active
US,B0FQBRQN8H,美国相机背带图评,Divvia camera straps for photographers," Divvia Camera Bags",Need Text Review,https://amzn.to/4830leC,https://m.media-amazon.com/images/I/71q1KV-C95L._AC_SX679_.jpg,0.00,0.00,active
UK,B0FMF26YN1,英国脚垫,https://amzn.to/4oQBctH," DSCSKJ-EU",Need Text Review,https://amzn.to/487q9q8,https://m.media-amazon.com/images/I/71BA2+WmlQL._AC_SX679_.jpg,0.00,0.00,active
US,B0G49H5WSL,美国戒指免评点星,love ring," Yiwushixiaoshengdianzishangwuyouxiangongsi",Need Rating,https://amzn.to/3XGPwJd,https://m.media-amazon.com/images/I/51BT+feRXVL._AC_SY500_.jpg,0.00,0.00,active
UK,B0FNR25SGM,英国颈椎,TENS EMS Machine for Pain Relief,FuQiangYJYNCZC,Need Text Review,https://amzn.to/4arVvJs,https://m.media-amazon.com/images/I/71mxEwMvCtL._AC_SX679_.jpg,0.00,0.00,active
US,B0FFLX5WMY,美国儿童床垫免评点星,4moms pack n play mattress," AOHWIDER",,https://amzn.to/484sUZ7,https://m.media-amazon.com/images/I/81vw3ImuzGL._AC_SX679_.jpg,3.00,0.00,active
US,B0FSJ7WM9S,美国烟盒,joint holder case,PYRETIC SMART KITS,Need Text Review,https://amzn.to/3MMbp7J,https://m.media-amazon.com/images/I/617nCjgGj7L._AC_SL1500_.jpg,0.00,0.00,active
US,B0FQBR2X9T,美国相机带,"Divvia 1.3""Wide Camera Strap Fashionable PU Leather Camera Strap",Divvia Camera Bags,Need Text Review,https://amzn.to/4rolxmM,https://m.media-amazon.com/images/I/51HhsyBTUlL._AC_SX679_.jpg,0.00,0.00,active
US,B0FFLX21F3,美国摇篮床垫,33x20 Bassinet Mattress,Woot,"Size: 33"" x 20"" x 2""
Sold by Woot",https://amzn.to/3XkE71u,https://m.media-amazon.com/images/I/81CYoDEMO3L._AC_SX679_.jpg,3.00,0.00,active
US,B0FL22DW8N,美国骰子免评,Stocking Stuffers for Men Women Adults," LMT-DD",No Review,https://amzn.to/4pAUx1T,https://m.media-amazon.com/images/I/81e7SpIU41L._AC_SL1500_.jpg,0.00,0.00,active
UK,B0FRXG32Q9,英国腹贴,abs trainer muscle stimulator,TANVEER HAMZA STORE,Need Text Review,https://www.amazon.co.uk/dp/B0FRXG32Q9,https://m.media-amazon.com/images/I/71cwKfhstmL._AC_SX679_.jpg,0.00,0.00,active
UK,B0DSW9NJV8,英国吸尘器,Blackhead Remover Vacuum,ruanchengkeLiuChangShun,Need Text Review,https://amzn.to/484eOqD,https://m.media-amazon.com/images/I/61qhjOF6sxL._AC_SX679_.jpg,0.00,0.00,active
UK,B0FPFVSDQW,英国脚垫,Electric Foot Massager,Daissz Store,Need Text Review,https://amzn.to/49T8rYB,https://m.media-amazon.com/images/I/81+4DfomX4L._AC_SX679_.jpg,0.00,0.00,active
UK,B0F3J17M12,英国手指指针,2PCS Foam Finger Pointer Hand,baoxifengXueMingLiang-UK,,https://www.amazon.co.uk/dp/B0F3J17M12,https://m.media-amazon.com/images/I/61Dn65JpZTL._AC_SX679_.jpg,0.00,0.00,active
US,B0FC68XSYY,美国负面佣金,https://amzn.to/4qouriU," JIANBENKJ","Need Text Review
One-star review required, return of goods, payment of commission $20",https://amzn.to/4qouriU,https://m.media-amazon.com/images/I/51+caRwcP+L._AC_SL1200_.jpg,0.00,0.00,active
JP,B0FX4BJTSD,日本餐桌椅,https://amzn.to/48q6XnF," Colamy JP",Need Text Review,https://amzn.to/48q6XnF,https://m.media-amazon.com/images/I/71+WxV3LvaL._AC_SX679_.jpg,2500.00,0.00,active
JP,B0FX4F7827,日本餐桌椅,https://amzn.to/4psEqUq," Colamy JP",Need Text Review,https://amzn.to/4psEqUq,https://m.media-amazon.com/images/I/713F3wOmkIL._AC_SX679_.jpg,2500.00,0.00,active
FR,B0FS5Y149C,法国驱鼠器,ultrasonique pour Rats,Daissz Store,Need Text Review,https://amzn.to/4aZav1G,https://m.media-amazon.com/images/I/61+Auv2FeFL._AC_SX679_.jpg,0.00,0.00,active
UK,B0G2X6XS67,英国超声波,Rodent Repeller Ultrasonic Under,zhuenbokejisongsi,Need Text Review,https://amzn.to/3N9TqYR,https://m.media-amazon.com/images/I/71FZlN7xiyL._AC_SX679_.jpg,0.00,0.00,active
UK,B0FMNBXN6B,英国吸尘器,Blackhead Remover Suction,Jason-UK,Need Text Review,https://amzn.to/4p3N0IZ,"https://m.media-amazon.com/images/I/619yU+THkmL._AC_SX569_PIbundle-10,TopRight,0,0_SH20_.jpg",0.00,0.00,active
US,B0F5W8S4DL,美国电视天线,TV Antenna,dineng,"Sold by
dineng 购买金额39.99",https://amzn.to/44ylZ8a,https://m.media-amazon.com/images/I/61zVvq3kPkL._AC_SX425_.jpg,0.00,0.00,active
JP,B07PZCQXBT,美国跳绳,縄跳び 革," HUEY ",Need Text Review,https://amzn.to/44INfBf,https://m.media-amazon.com/images/I/81E256QdJDL._AC_SX679_.jpg,0.00,0.00,active
JP,B08HMHJKCK,日本跳绳,縄跳び 革,HUEY Sport,Need Text Review,https://amzn.to/3LgMd8X,https://m.media-amazon.com/images/I/61p6+o5MZpL._AC_SX450_.jpg,0.00,0.00,active
UK,B0FX989M6X,英国香蕉服装,banana costume adult," Liao shengmin store",Need Text Review,https://amzn.to/3Y8LSbj,https://m.media-amazon.com/images/I/51Z06wul9eL._AC_SX679_.jpg,0.00,0.00,active
US,B0FRG9T5R7,美国负面佣金,https://amzn.to/3Y2L1Zt," Laptop Flagship Store","Need Text Review
One-star review, need to return the goods. Pay additional commission
",https://amzn.to/4ph11TS,https://m.media-amazon.com/images/I/51+caRwcP+L._AC_SL1200_.jpg,0.00,50.00,active
US,B0FZ5RJ8B9,美国猫追踪器免评点星,cat tracker,WUJIU,Need Rating,https://amzn.to/4pDjQkg,https://m.media-amazon.com/images/I/81IIf2eT3JL._AC_SL1500_.jpg,0.00,0.00,active
US,B0F8HZJHX2,美国地板通风口盖,floor vent covers,"Maimeng Technology Co., Ltd",,https://amzn.to/43U2gj9,"https://m.media-amazon.com/images/I/6121m87WK3L._AC_SX569_PIbundle-2,TopRight,0,0_SH20_.jpg",0.00,0.00,active
US,B0FLK162VD,美国办公桌铭牌免评,Name Plate for Desk," Customized acrylic",use coupon,https://amzn.to/4aijtXn,https://m.media-amazon.com/images/I/7109wzLiK1L._AC_SX679_.jpg,1.00,0.00,active
US,B0FS7BLXR8,美国烟盒免评,joint holder、pre roll case," PYRETIC SMART KITS",Need Rating,https://amzn.to/3XYrnOd,https://m.media-amazon.com/images/I/71t85DVhCWL._SL1500_.jpg,0.00,0.00,active
ES,B0FSQRHZC4,西班牙驱赶器,ip66 impermeable disuasorio animales,PeoGugr,Need Text Review,https://amzn.to/4sc0zZ2,https://m.media-amazon.com/images/I/71mKtZSv2pL._AC_SX679_.jpg,0.00,0.00,active
FR,B0FWR5BL97,法国车用超声波,répulsif anti-rats à ultrasons avec led,WLJIAN SHOP,Need Text Review,https://amzn.to/3L0VSQX,https://m.media-amazon.com/images/I/61Is-WEtOHL._AC_SX679_.jpg,0.00,0.00,active
DE,B0F4XM6FVQ,德国一星负面,https://amzn.to/4ogcqlp,SK-KING,"Need Text Review.Requires one-star review, negative",https://amzn.to/4ogcqlp,https://m.media-amazon.com/images/I/41E2c6fD-wL._AC_SX679_.jpg,0.00,0.00,active
UK,B0F5WR3712,英国驱猫喷雾," leidongyonglei",tulanTangHu,Need Text Review,https://amzn.to/48xlBrK,https://m.media-amazon.com/images/I/61IYA3G6WBL._AC_SX425_.jpg,0.00,0.00,active
DE,B0FK2H6V2F,德国腹贴,EMS Trainingsgerät,GOZOWO EU,Need Text Review,https://amzn.to/48vQZXM,https://m.media-amazon.com/images/I/715QaW2DLmL._AC_SY450_.jpg,0.00,0.00,active
UK,B0FY6J2J8G,英国黑头仪图评,Blackhead Remover Suction,Jason-UK,Need Image Review,https://amzn.to/48810vi,https://m.media-amazon.com/images/I/61YhLShFx3L._AC_SX679_.jpg,0.00,0.00,active
UK,B0FLJJXGYF,英国止吠器,Anti Dog Barking Deterrent Device,jiuyuweiJiangJunLuo,Need Text Review,https://amzn.to/44xXicm,https://m.media-amazon.com/images/I/61Eluau5jpL._AC_SX679_.jpg,0.00,0.00,active
US,B0FQ5KKDBP,美国洗发皂,black soap for gray hair,tianmai,Need Text Review,https://amzn.to/4prAVNq,https://m.media-amazon.com/images/I/81AP3djdvXL._SL1500_.jpg,0.00,0.00,active
US,B0FF4QCGKF,美国礼品袋,Black Gold 40th Birthday Gift Bag with Card and Tissue Paper,JMANNI-US,,https://amzn.to/49DOpkN,https://m.media-amazon.com/images/I/616btn87hlL._AC_SX425_.jpg,0.00,0.00,active
UK,B0FQ9T668J,英国儿童浴帽,Baby Shower Cap Shield,tianwen ranshao,Need Text Review,https://amzn.to/48lvWsg,https://m.media-amazon.com/images/I/61uxnXkblcL._AC_SX425_.jpg,0.00,0.00,active
UK,B0FWXN8QLZ,英国 钥匙扣,TPU Car Key Cover,biaogeKaiZhang-UK,Need Text Review,https://amzn.to/4ocneB2,https://m.media-amazon.com/images/I/51rS+dX0TbL._AC_SX679_.jpg,0.00,0.00,active
ES,B0G2LKPPH4,西班牙驱蚊器,2026 nuevo de y control mosquitos,PooLiiMe,Need Text Review,https://amzn.to/4scpXhe,https://m.media-amazon.com/images/I/71XibVKeZKL._AC_SX569_.jpg,0.00,0.00,active
FR,B0FL237K86,法国驱赶器,Répulsif Chat Ultrason,PeoGugr,Need Text Review,https://amzn.to/4alxmUV,https://m.media-amazon.com/images/I/71mKtZSv2pL._AC_SX679_.jpg,0.00,0.00,active
FR,B0FSQRHZC4,法国驱赶器,répulsif 2 modes repulsif chat,PeoGugr,Need Text Review,https://amzn.to/494T3pS,https://m.media-amazon.com/images/I/71mKtZSv2pL._AC_SX679_.jpg,0.00,0.00,active
UK,B0G384TZBR,英国驱蚊器,repellent pest ultrasonic electronic cockroach,WAXUE STORE,Need Text Review,https://amzn.to/4pQtNuS,https://m.media-amazon.com/images/I/61Q6GQ2e94L._AC_SX679_.jpg,0.00,0.00,active
UK,B0G394YW2Q,英国地钉,solar powered mole repellent,Vlog Store,Need Text Review,https://amzn.to/3Y5ety9,https://m.media-amazon.com/images/I/71XgL1h5b1L._AC_SX425_.jpg,0.00,0.00,active
UK,B0G2LZSHTF,英国驱赶器,ultrasonic animal repellent waterproof,Auiieek T,Need Text Review,https://amzn.to/3YEBtnO,https://m.media-amazon.com/images/I/81e0ES-r2wL._AC_SX679_.jpg,0.00,0.00,active
DE,B0FZ8944T9,德国驱赶器,ultraschall solar katzenschreck,Vlog Store,Need Text Review,https://amzn.to/4jdcgus,https://m.media-amazon.com/images/I/81oLEbwW+jL._AC_SY450_.jpg,0.00,0.00,active
DE,B0G2RK5XW2,德国地钉,ultraschall maulwurfschreck für wühlmäuse,Vlog Store,Need Text Review,https://amzn.to/494ArGD,https://m.media-amazon.com/images/I/81oPm-5pWiL._AC_SX679_.jpg,0.00,0.00,active
DE,B0FMXP38FW,德国车用超声波,ultraschall marderabwehr batteriebetrieben,chisuqiangbune,Need Text Review,https://amzn.to/48Zl4z5,https://m.media-amazon.com/images/I/71FIE-3beAL._AC_SX679_.jpg,0.00,0.00,active
DE,B0FL22517D,德国驱蚊器,ultraschall schädlingsvertreiber,WAXUE STORE,Need Text Review,https://amzn.to/4qE1uzV,https://m.media-amazon.com/images/I/61-ORt7qNwL._AC_SX679_.jpg,0.00,0.00,active
UK,B0F13DJM8T,英国 iPhone 14 Plus 手机壳图评,iPhone 14 plus case,RMX-UK,Size Name: IPhone 14 Plus,https://amzn.to/4puEhiL,https://m.media-amazon.com/images/I/61rBjjAq0VL._AC_SX425_.jpg,0.00,0.00,active
US,B0FT387RLB,美国年龄礼品袋包税,Medium Birthday Present Bag,JMANNI-US,"Need Text Review.Optional.100% refund, including taxes",https://amzn.to/4aWdAPV,https://m.media-amazon.com/images/I/71w8w7jsx1L._AC_SL1500_.jpg,0.00,0.00,active
UK,B0F24FQFWT,英国遥控钥匙,2PCS 433MHz Remote Control,baoxifengXueMingLiang-UK,Need Text Review,https://amzn.to/44K3QV5,https://m.media-amazon.com/images/I/51vMyOX5GrL._AC_SX425_.jpg,0.00,0.00,active
UK,B0G1YBKMLC,英国驱蚊器,ultrasonic pest repeller plug in,Headpot,Need Text Review,https://amzn.to/4j1kIwt,https://m.media-amazon.com/images/I/71yhGtJxA-L._AC_SX679_.jpg,0.00,0.00,active
FR,B0FSZX3F9Z,法国触屏笔,pencil ipad air 13 pouces,guangzhouxinmiaochangdianziyouxiangongsi,Need Text Review,https://amzn.to/4pyB3uE,https://m.media-amazon.com/images/I/71ubkytgKcL._AC_SX679_.jpg,0.00,0.00,active
DE,B0F54CBTY4,德国行李带,Gepäckspanner Set 4 Stück,aisuiXiaoYang,Need Text Review,https://amzn.to/3M3Xt8H,https://m.media-amazon.com/images/I/61NJwOr1zIL._AC_SX425_.jpg,0.00,0.00,active
US,B0D7QNMBF3,美国训狗器,Dog Training Collar Shock Collars 3dogs,E-Hottest,,https://amzn.to/3XYqB3L,https://m.media-amazon.com/images/I/71TcIdZc3SL._AC_SX679_.jpg,0.00,0.00,active
FR,B0FSZW4KG9,法国触屏笔,pencil ipad air 13 pouces,guangzhouxinmiaochangdianziyouxiangongsi,,https://amzn.to/44oALhQ,https://m.media-amazon.com/images/I/71MhWBBVFpL._AC_SX679_.jpg,0.00,0.00,active
US,B0FKM4QVKK,美国漱口水免评,mouthwash travel size,AlwaysDeals4You,No Review,https://amzn.to/486sAsZ,"https://m.media-amazon.com/images/I/81XG-hpKmNL._AC_SX679_PIbundle-20,TopRight,0,0_SH20_.jpg",0.00,0.00,active
FR,B0FMRQ1PR1,法国地钉,Répulsif à Taupes Solaire,ShoMoZ Store,Need Text Review,https://amzn.to/4ogak5f,https://m.media-amazon.com/images/I/711q3wCOAPL._AC_SX569_.jpg,0.00,0.00,active
ES,B0FXWKZXPY,西拔牙爆闪,repelente de animales por infrarrojos con diseño impermeable,Daissz Store,Need Text Review,https://amzn.to/48GvuDL,https://m.media-amazon.com/images/I/619Qjt8otbL._AC_SX679_.jpg,0.00,0.00,active
US,B0F83ZDG94,美国狗项圈,Flea and Tick Collar for Dogs,VivaElixir,,https://amzn.to/4p7fiCy,https://m.media-amazon.com/images/I/71dvncQwYoL._AC_SX425_.jpg,0.00,0.00,active
US,B0FX9DQJ7T,美国年龄款礼品袋,Happy Birthday Gift Bag,YoungTree-US,"Need Text Review
100% refund with all taxes included",https://amzn.to/48TDhhz,https://m.media-amazon.com/images/I/71w8w7jsx1L._AC_SL1500_.jpg,0.00,0.00,active
US,B0FJFKSL9D,美国野营挡风板,"Camping Stove Windscreen ",BEST.CHOICES,Size: 16 Plates,https://amzn.to/484Lfp1,https://m.media-amazon.com/images/I/61pARqO-BxL._AC_SX569_.jpg,0.00,0.00,active
US,B0FQBR2X9T,美国相机带图评,"Divvia 1.3""Wide Camera Strap Fashionable PU Leather Camera Strap",Divvia Camera Bags,,https://amzn.to/4p2Y3Ca,https://m.media-amazon.com/images/I/51HhsyBTUlL._AC_SX679_.jpg,0.00,0.00,active
JP,B0FPK8MH85,日本裤子,アウトドア パンツ 冬,FREIE LIEBE,Need Text Review,https://amzn.to/4ojv6ka,https://m.media-amazon.com/images/I/51+WYTlC3iL._AC_SX679_.jpg,0.00,0.00,active
JP,B0FN7KZJXH,日本围巾,ストール 秋,FREIE LIEBE JP,Need Text Review,https://amzn.to/4aeEuSO,https://m.media-amazon.com/images/I/71AdiYqQD+L._AC_SX679_.jpg,0.00,0.00,active
FR,B0FX2K3MZR,法国止吠器,anti aboiement chien ultrason puissant,FuQiang,Need Text Review,https://amzn.to/4rBDLBn,https://m.media-amazon.com/images/I/71MAZJi5O8L._AC_SX679_.jpg,0.00,0.00,active
US,B0D7QMMF9Y,美国训狗器,Dog Training Collar Shock Collars,E-Hottest,,https://amzn.to/3MoQVS8,https://m.media-amazon.com/images/I/71GlkEay7NL._AC_SX679_.jpg,0.00,0.00,active
FR,B0DCFX852B,法国 iPhone 16手机壳,coque iphone 16 oretech," ORETech EU",Need Text Review,https://amzn.to/484BLdj,https://m.media-amazon.com/images/I/81JtaAETIXL._AC_SY355_.jpg,0.00,2.00,active
UK,B0F21MWK76,英国扳手工具图评,tap spanner,chuanyuYuLin,Need Image Review,https://amzn.to/4pEEjVz,https://m.media-amazon.com/images/I/61BjDuhdFqL._AC_SX569_.jpg,0.00,0.00,active
UK,B0DS8HHPMN,英国扳手工具,Tap Spanner Tool,zhilingDingHua,Need Text Review,https://amzn.to/3XkKzpe,https://m.media-amazon.com/images/I/714T2GMdHvL._AC_SX679_.jpg,0.00,0.00,active
UK,B0DZ6WLFFQ,英国扳手图评,12 in 1 Faucet Wrench Tool,XU GUOBIN shop,Need Image Review,https://amzn.to/3LVgytQ,https://m.media-amazon.com/images/I/71sI+DQ6jGL._AC_SX569_.jpg,0.00,0.00,active
US,B0DSF75WVR,美国负面佣金,https://amzn.to/4og4YGX," CHENGBAIKE","One-star bad review required, return of goods",https://amzn.to/4og4YGX,https://m.media-amazon.com/images/I/51+caRwcP+L._AC_SL1200_.jpg,0.00,20.00,active
US,B0F9Y6Z5LR,美国负面佣金,https://www.amazon.com/Charging-Replacement-Portable-Bluetooth-Included/dp/B0F9Y6Z5LR/ref=sr_1_1," TinSan",need 1 star bad review and return,https://amzn.to/49hUzqx,https://m.media-amazon.com/images/I/51+caRwcP+L._AC_SL1200_.jpg,0.00,25.00,active
JP,B0CS66Q66Q,日本塑腰,腰 サポーター,FOCU商標登録第85231467号,Need Text Review,https://amzn.to/3KXnA0V,https://m.media-amazon.com/images/I/71Qxdd9IFuL._SX425_.jpg,0.00,0.00,active
UK,B0FNWH9J8B,英国防吠器,Ultrasuoni AntiabbaioAnti Barking,ShoMoZ Store,Need Text Review,https://amzn.to/48ypjl3,https://m.media-amazon.com/images/I/61Op6d9qfuL._AC_SX679_.jpg,0.00,0.00,active
JP,B0FHCT75DP,日本驱鼠器,超音波撃退器鼠,Liu Hua's laundry detergent shop,Need Text Review,https://amzn.to/4pyBRja,https://m.media-amazon.com/images/I/615DtJ5sOnL._AC_SX679_.jpg,0.00,0.00,active
JP,B0FLXD4ZPS,日本狗靴,犬靴,FREIE LIEBE,Need Text Review,https://amzn.to/4amXBtU,https://m.media-amazon.com/images/I/71E-zJ2LiXL._AC_SX679_.jpg,0.00,0.00,active
FR,B0DCG2KX4N,法国 iPhone 16 Pro 手机壳," oretech coque pour 16 pro",ORETech EU,No Review,https://amzn.to/4oijTjO,https://m.media-amazon.com/images/I/81AZa9hKelL._AC_SY355_.jpg,0.00,0.00,active
US,B0F89ZCJG8,美国DVD光驱,"TODAAIR Portable DVD Drive USB 3.0 & Type-C, Read/Write, Plug & Play, Compatible with All Laptops, Supports USB Type-C SD-Slot TF-Slot Access"," shenzhenlingjiangkejiyouxiangongsi",Need Text Review,https://amzn.to/4pxkQpz,https://m.media-amazon.com/images/I/71qfNFARs1L._AC_SX425_.jpg,0.00,0.00,active
US,B0F89XYFHN,美国DVD光驱,"TODAAIR External DVD Drive. USB 3.0 Type-C DVD-RW CD Burner for Laptop PC, Portable DVD CD ROM Rewriter with High Speed Data Transfer,Compatible with Windows,Mac OS, Linux, Plug & Play"," shenzhenlingjiangkejiyouxiangongsi",,https://amzn.to/4ojnTR8,https://m.media-amazon.com/images/I/71LKZCvLsoL._AC_SL1500_.jpg,0.00,0.00,active
DE,B0G194N5B5,德国驱赶器,marderschutz für auto,FuQiang,Need Text Review,https://amzn.to/4afVLLG,https://m.media-amazon.com/images/I/71VZheRSTWL._AC_SX679_.jpg,0.00,0.00,active
DE,B0D3X3RH5Q,德国牙刷头差评,https://amzn.to/4p58ohd," Rebeool",need 1 star bad review,https://amzn.to/4p58ohd,https://m.media-amazon.com/images/I/71B+vhY85BL._AC_SX425_.jpg,0.00,0.00,active
JP,B0C7BNFLVW,日本数据线图评,4 in 1高耐久編組ナイロン多機能充電ケーブル,afage,Need Image Review,https://amzn.to/4irAnVJ,https://m.media-amazon.com/images/I/81CWUuaRn5L._AC_SX679_.jpg,0.00,0.00,active
UK,B0DS8FV69P,英国扳手工具,Tap Spanner Tool,zhilingDingHua,Need Text Review,https://amzn.to/4onN1Gy,https://m.media-amazon.com/images/I/71SLKGHldvL._AC_SX679_.jpg,0.00,0.00,active
UK,B0F5QGR68Z,英国铅坠套装图评,fishing weights,chuanyuYuLin,Need Image Review,https://amzn.to/43Oevhi,https://m.media-amazon.com/images/I/61ftAq4hpkL._AC_SX679_.jpg,0.00,0.00,active
US,B0FQBT92J7,美国相机带免评,"Divvia 1.3""Wide Camera Strap Fashionable PU Leather Camera Strap",Divvia Camera Bags,No Review,https://amzn.to/4og3cpv,https://m.media-amazon.com/images/I/51uGUVrf+-L._AC_SX679_.jpg,2.00,0.00,active
US,3577271728,美国ebay灯泡,LED Light Bulbs E12,"Depuley ",,https://www.ebay.com/itm/357727172812,http://154.48.226.95:5001/image/20251010/7334539a18c84c06862aa50f0697ff84.png,0.00,0.00,active
UK,B0FX3T48T8,英国遥控器,gate fob," Liao shengmin store",Need Text Review,https://amzn.to/4oRyXoR,https://m.media-amazon.com/images/I/51d3W885o3L._AC_SX679_.jpg,0.00,0.00,active
DE,B0G1JT2PV4,德国相框图评,1965 PERSONALISIERBAR," LNGVBF",Select configurations that don't cost any money.,https://amzn.to/4irz219,https://m.media-amazon.com/images/I/81O7mfqnklL._AC_SX679_.jpg,0.00,0.00,active
US,B0DYJWS335,美国狗咳嗽,Dog Cough Relief Soft Chews,VivaElixir,,https://amzn.to/43VDf7b,https://m.media-amazon.com/images/I/71XogDkU+1L._AC_SX425_.jpg,0.00,0.00,active
US,B0FS7BLXR8,美国烟盒,joint holder、pre roll case," PYRETIC SMART KITS",Need Text Review,https://amzn.to/49IOwM2,https://m.media-amazon.com/images/I/71t85DVhCWL._SL1500_.jpg,0.00,0.00,active
UK,B0FVXNNVLR,英国驱赶器,usb repellent garden cat,ZanNa Store,Need Text Review,https://amzn.to/44OH66p,https://m.media-amazon.com/images/I/51VrWwj8+aL._AC_.jpg,0.00,0.00,active
FR,B0FQ57PF4B,法国驱蚊灯,Prises Répulsif Nuisible,Vansufo Store,Need Text Review,https://amzn.to/4oIEGxl,https://m.media-amazon.com/images/I/61Kst9sQ+KL._AC_SX679_.jpg,0.00,0.00,active
JP,B0FWJ8NBGD,日本宠物烘干机,ペットドライルーム,岩井司,Need Text Review,https://amzn.to/48r2zDr,https://m.media-amazon.com/images/I/51PcCIwDdxL._AC_.jpg,0.00,0.00,active
JP,B0FX4G8SYM,日本餐桌椅,https://amzn.to/3MKPKww," Colamy JP",Need Text Review,https://amzn.to/3MKPKww,https://m.media-amazon.com/images/I/71n7EgsbhuL._AC_SX679_.jpg,2500.00,0.00,active
UK,B0FQ9Y9FX2,英国按摩器,Rechargeable TENS Unit,Le Xinyou,Need Text Review,https://amzn.to/3Myl6GA,https://m.media-amazon.com/images/I/61WTYGy4B9L._AC_SX679_.jpg,0.00,0.00,active
US,B0FFLX21F3,美国摇篮床垫,33x20 Bassinet Mattress,Woot,"Size: 33"" x 20"" x 2""
Sold by Woot",https://amzn.to/4irTLSu,https://m.media-amazon.com/images/I/81CYoDEMO3L._AC_SX679_.jpg,0.00,0.00,active
US,B0F48FJDT5,美国牙膏,foam whitening toothpaste,foshanshilaojiujiajuyouxiangongsi,,https://amzn.to/481MxRC,https://m.media-amazon.com/images/I/41cjmZLqKaL._AC_SX569_.jpg,0.00,0.00,active
UK,B0BNXHY7C9,英国牙刷差评,7am2m brush heads,YMPBO,"need 1 star bad review
",https://amzn.to/44tXYiH,"https://m.media-amazon.com/images/I/71mxL1qLTuL._AC_SX679_PIbundle-10,TopRight,0,0_SH20_.jpg",0.00,0.00,active
DE,B09HQH477J,德国牙刷头1星差评,https://amzn.to/3LVirqq," zhaojilinouzhou","need 1 star bad review
",https://amzn.to/3LVirqq,https://m.media-amazon.com/images/I/61EmNELCkWL._AC_SX425_.jpg,0.00,0.00,active
UK,B0FXX1NJ33,英国提臀,ems butt trainer,TANVEER HAMZA STORE,,https://amzn.to/4ahp9Rq,https://m.media-amazon.com/images/I/71dclWNvaWL._AC_SX679_.jpg,0.00,0.00,active
UK,B0FNR871MG,英国驱鼠,Ultrasonic Rodent Repellent,HarryPotter World,Need Text Review,https://amzn.to/4asCZAy,https://m.media-amazon.com/images/I/61El+yBxThL._AC_SX679_.jpg,0.00,0.00,active
UK,B0FQV8D8XZ,英国车用,Rodent Repeller Ultrasonic Under Hood," ZanNa Store",Need Text Review,https://amzn.to/4ruAhAI,https://m.media-amazon.com/images/I/71OXSZsvgtL._AC_SX425_.jpg,0.00,0.00,active
UK,B0FMRJX3P7,英国车载超声波,Rodent Repeller Ultrasonic Under Hood,ZanNa Store,Need Text Review,https://amzn.to/4ruekBI,https://m.media-amazon.com/images/I/61i5aDqwxQL._AC_SX679_.jpg,0.00,0.00,active
DE,B0FK4XD3K5,德国驱蚊器,Mückenspinnen Abwehr Plugin,TaoGeng Store,Need Text Review,https://amzn.to/43Xwced,https://m.media-amazon.com/images/I/61Kst9sQ+KL._AC_SX679_.jpg,0.00,0.00,active
UK,B0G2GR63BN,英国蘑菇软糖,mushroom gummies lions mane gummies," fgreASF",Need Text Review,https://amzn.to/4pxowYv,https://m.media-amazon.com/images/I/61uKmzIUBUL._AC_SX679_.jpg,0.00,0.00,active
JP,B0FXGFR9M2,日本徒步鞋,トレッキングシューズ ローカット,PT-Senwu shop,Need Text Review,https://amzn.to/4pgAy8W,https://m.media-amazon.com/images/I/71XkjkU9SdL._AC_SY575_.jpg,0.00,0.00,active
ES,B0FXLZM9VX,西班牙地钉,Ahuyentador de Topos Solar,ShoMoZ Store,Need Text Review,https://amzn.to/3XmlbiY,https://m.media-amazon.com/images/I/71jon9bjY9L._AC_SX679_.jpg,0.00,0.00,active
ES,B0FS5Y149C,西班牙驱鼠器,360° ultrasónico para ratas,Daissz Store,Need Text Review,https://amzn.to/4roASE2,https://m.media-amazon.com/images/I/61+Auv2FeFL._AC_SX522_.jpg,0.00,0.00,active
UK,B0G2GVX7SK,英国蘑菇软糖,mushroom gummies lions mane gummies," fgreASF",Need Text Review,https://amzn.to/3M1zneO,https://m.media-amazon.com/images/I/71awQTkOwuL._AC_SX679_.jpg,0.00,0.00,active
DE,B0FY2HYMXY,德国地钉,Solar Maulwurfschreck,LuHoYa Store,Need Text Review,https://amzn.to/48VXnYL,https://m.media-amazon.com/images/I/81k60aVWfwL._AC_SX679_.jpg,0.00,0.00,active
UK,B0FX2H5XPL,英国爆闪,Solar Nocturnal Animal Repeller,Rolls-Roy Store,Need Text Review,https://amzn.to/3Y8An3q,https://m.media-amazon.com/images/I/71EfiNxKv-L._AC_SX679_.jpg,0.00,0.00,active
IT,B0FFMFG7FT,意大利止吠,Ultrasuoni per Cani Dispositivo,FuQiang,Need Text Review,https://amzn.to/4pMdTRR,https://m.media-amazon.com/images/I/71r+OQEVdjL._AC_SX679_.jpg,0.00,0.00,active
IT,B0FM3WQYL4,意大利驱鼠器,Ultrasuoni per Topi,Peheng Co Ltd,Need Text Review,https://amzn.to/48ybK4W,https://m.media-amazon.com/images/I/61+KwTL6QlL._AC_SX679_.jpg,0.00,0.00,active
UK,B0FQV4VLMV,英国驱蚊,Ultrasonic Pest Repeller,YuanchuntaoShop,Need Text Review,https://amzn.to/4iAsf5i,https://m.media-amazon.com/images/I/61Px9WjPXFL._AC_SX679_.jpg,0.00,0.00,active
US,B0FKM4QVKK,美国漱口水,mouthwash travel size,AlwaysDeals4You,,https://amzn.to/4rp9JRh,"https://m.media-amazon.com/images/I/81XG-hpKmNL._AC_SX679_PIbundle-20,TopRight,0,0_SH20_.jpg",0.00,0.00,active
US,B0FSYSK75P,美国护理胶带,hydrocolloid roll medical grade hydrocolloid roll hydrocolloid bandages hydrocolloid patch,yiranyiliaoguanli,"Need Text Review
Sold by
yiranyiliaoguanli",https://amzn.to/48BOkwW,https://m.media-amazon.com/images/I/6130NgKxrJL._AC_SL1500_.jpg,0.00,0.00,active
JP,B0F8PWYCDF,日本雨靴,レインブーツ レディース長靴,"JIAOYAN  ",Need Text Review,https://amzn.to/3M2rZju,https://m.media-amazon.com/images/I/51LqgWcicOL._AC_SY575_.jpg,0.00,0.00,active
US,B0FF8CQGZH,美国生日礼品袋,Black Gold 16th Birthday Gift Bag,JMANNI-US,,https://amzn.to/48iI5wx,https://m.media-amazon.com/images/I/61+y1+GORcL._AC_SX466_.jpg,0.00,0.00,active
US,B0FJFKSK3N,美国野营挡风板,"Camping Stove Windscreen "," BEST.CHOICES",Size: 10 Plates,https://amzn.to/43O8KAc,https://m.media-amazon.com/images/I/61A3LQ+fEzL._AC_SX569_.jpg,0.00,0.00,active
JP,B0FYDBDFKN,日本刀片免评,es9087," Atewada-jp",No Review,https://amzn.to/4ioNd72,"https://m.media-amazon.com/images/I/716Numop1dL._AC_SX679_PIbundle-2,TopRight,0,0_SH20_.jpg",200.00,0.00,active
DE,B0FS1NRDBD,德国止吠器,ultraschall hunde antibell 3 modi," FuQiang",Need Text Review,https://amzn.to/4ipUgMR,https://m.media-amazon.com/images/I/41VMhXpBUTL._AC_.jpg,0.00,0.00,active
UK,B0FHDBQ8RD,英国提臀,EMS butt trainer,ISMAIL ABUL,Need Text Review,https://amzn.to/48nrHuT,https://m.media-amazon.com/images/I/71OnOcgPKjL._AC_SX425_.jpg,0.00,0.00,active
UK,B0B7GQ1QB8,英国牙刷差评,oral b toothbrush heads," WanErUKshop",need 1 star bad review,https://amzn.to/4p4eGgM,"https://m.media-amazon.com/images/I/71RRk4CofEL._AC_SX679_PIbundle-16,TopRight,0,0_SH20_.jpg",0.00,0.00,active
FR,B0FQ54YRR4,法国驱蚊器,Répulsif Ultrason Anti Moustiqueé,Vansufo Store,Need Text Review,https://amzn.to/49Jwx81,https://m.media-amazon.com/images/I/61OAZRKfjIL._AC_SX679_.jpg,0.00,0.00,active
UK,B07RYTFHCR,英国牙刷头1星差评,philips sonicare toothbrush heads," GuangBin HuangDEshop","1星差评 need 1 star bad review
不可以使用礼品卡下单
否则不返款",https://amzn.to/4pwZmci,https://m.media-amazon.com/images/I/61qG3FMXD8L._AC_SX679_.jpg,0.00,0.00,active
UK,B0DPW3V7MY,英国导管套,Waterproof PICC Line Covers Upper Arm,xubeiQiQin,Need Text Review,https://amzn.to/4pBuuYs,https://m.media-amazon.com/images/I/61-aWxSftgL._SX522_.jpg,0.00,0.00,active
JP,B0FW3YWVBZ,日本雾化器,ネブライザー メッシュ部交換技術,Amazon.co.jp,Need Text Review,https://amzn.to/3XhpPif,https://m.media-amazon.com/images/I/61BnhhD47TL._AC_SX679_.jpg,0.00,0.00,active
JP,B0DDC2LF1D,日本充电线图评,140W USB-C to Magnetic 3 ケーブル,afage,Need Image Review,https://amzn.to/48lXbS0,https://m.media-amazon.com/images/I/51BqCCmCVRL._AC_SX679_.jpg,0.00,0.00,active
JP,B0F62165VW,日本变装,博麗霊夢 コスプレ,LUCKYCOS,Need Text Review,https://amzn.to/4rm70YL,https://m.media-amazon.com/images/I/61c4rhmz3hL._AC_SX679_.jpg,0.00,0.00,active
JP,B0FJ57WFF2,日本变装,魔界ノりりむ コスプレ,イチゴCOS,Need Text Review,https://amzn.to/4roQGGU,https://m.media-amazon.com/images/I/61aPDkeqJeL._AC_SX679_.jpg,0.00,0.00,active
JP,B0FVSJDYWR,日本螺丝刀,amazon 電動ドライバー,sbjdbsjbksndknjnjxncjnc,Need Text Review,https://amzn.to/4p0ItXJ,https://m.media-amazon.com/images/I/71CBRaxvUdL._AC_SX679_.jpg,0.00,0.00,active
JP,B0FC6HC37D,日本变装,魔界ノりりむ コスプレ,Nyanyaコス コスプレ専門店,Need Text Review,https://amzn.to/4ioisiv,https://m.media-amazon.com/images/I/61vOrlmFWyL._AC_SX679_.jpg,0.00,0.00,active
JP,B0FLXD4ZPS,日本狗靴,犬靴,FREIE LIEBE,Need Image Review,https://amzn.to/4iptF2y,https://m.media-amazon.com/images/I/71E-zJ2LiXL._AC_SX679_.jpg,0.00,0.00,active
JP,B0FPK8MH85,日本裤子图评,アウトドア パンツ 冬,FREIE LIEBE,Need Image Review,https://amzn.to/4p23p0q,https://m.media-amazon.com/images/I/51+WYTlC3iL._AC_SX679_.jpg,0.00,0.00,active
JP,B0FHCTWB2Z,日本驱鼠器,駆除 超音波 鼠駆除,Hu Jingling's vase shop,Need Text Review,https://amzn.to/49DwISn,https://m.media-amazon.com/images/I/719cXJcA7OL._AC_SX679_.jpg,0.00,0.00,active
JP,B0FN7KZJXH,日本围巾图评,ストール 秋,FREIE LIEBE JP,Need Image Review,https://amzn.to/4ir6kO3,https://m.media-amazon.com/images/I/71AdiYqQD+L._AC_SX679_.jpg,0.00,0.00,active
JP,B0DDWMJ7BH,日本坐垫,座布団 いす用,Shinnwa【インテリアメーカ】,Need Text Review,https://amzn.to/4aeErGC,https://m.media-amazon.com/images/I/81gZJQvOHzL._AC_SX679_.jpg,0.00,0.00,active
JP,B0FHCYKTNB,日本驱赶器,動物撃退器 警報音,Liu Hua's laundry detergent shop,Need Text Review,https://amzn.to/4iovo81,https://m.media-amazon.com/images/I/81fPFaeOTPL._AC_SX679_.jpg,0.00,0.00,active
ES,B0FLXQKRNB,西班牙训狗器,ahuyentador de perros potente con ultrasonidos,TiTake Store,Need Text Review,https://amzn.to/43WZmdA,https://m.media-amazon.com/images/I/61cBQ2lqxqL._AC_SX569_.jpg,0.00,0.00,active
IT,B0FMRNC2W8,意大利地钉,4 pcs repellente per talp,ShoMoZ Store,Need Text Review,https://amzn.to/48m0eda,https://m.media-amazon.com/images/I/71lAom6CBML._AC_SX679_.jpg,0.00,0.00,active
FR,B0FR5D34MX,法国成用,vibro masseur femme clitoridien,ruixiandianzi,Need Text Review,https://amzn.to/4p7sdnY,https://m.media-amazon.com/images/I/61RYXFCEF8L._AC_SX425_.jpg,0.00,0.00,active
FR,B0DCFX852B,法国 iPhone 16手机壳,coque iphone 16 oretech," ORETech EU",No Review,https://amzn.to/48ph9vf,https://m.media-amazon.com/images/I/81JtaAETIXL._AC_SY355_.jpg,0.00,0.00,active
FR,B0D1XM7GRW,法国 iphone 15手机壳,coque iphone 15 silicone," ORETech EU",No Review,https://amzn.to/4prWWMi,https://m.media-amazon.com/images/I/712i0x5Va9L._AC_SX425_.jpg,0.00,1.00,active
FR,B0DCG12F1K,法国 iPhone 16 Pro Max 手机壳," oretech coque pour 16 pro max ",ORETech EU,No Review,https://amzn.to/49Cn0Q9,https://m.media-amazon.com/images/I/81Kcx9O6rYL._AC_SY355_.jpg,0.00,0.00,active
DE,B0F7PG5G9L,德国耳鸣喷雾,tinnitus,haochenHaoZhou,Need Text Review,https://amzn.to/48avH1y,https://m.media-amazon.com/images/I/61ooTCQS9DL._AC_SY450_.jpg,0.00,0.00,active
UK,B0DHR9QXPZ,英国爆闪灯,repellent devices,ZanNa Store,Need Text Review,https://amzn.to/48frVUJ,https://m.media-amazon.com/images/I/71Qo05AqG+L._AC_SX679_.jpg,0.00,0.00,active
UK,B0FQ9Y4BJK,英国猫咪喷雾,Cat Repellent Spray 120ML,tianwen ranshao,Need Text Review,https://amzn.to/43U8kIr,https://m.media-amazon.com/images/I/61aev5pyhAL._AC_SY300_SX300_QL70_ML2_.jpg,0.00,0.00,active
UK,B0G1XKKCPJ,英国地钉,solar mole repellent ultrasonic,Arslan Pro 1,Need Text Review,https://amzn.to/4oX4E10,https://m.media-amazon.com/images/I/71XgL1h5b1L._AC_SX679_.jpg,0.00,0.00,active
UK,B0DXBBK7WH,英国横幅 图评,60th birthday decorations,chuanyuYuLin,Need Image Review,https://amzn.to/3M0HIQ0,https://m.media-amazon.com/images/I/61k1E9nwiLL._SX522_.jpg,0.00,0.00,active
UK,B0F1ZZ7CV3,英国草莓服装,Unisex Adult Fruit Costume Bundle,baoxifengXueMingLiang-UK,Need Text Review,https://amzn.to/3M0Hvwc,https://m.media-amazon.com/images/I/61wEAHR2ydL._AC_SX679_.jpg,0.00,0.00,active
UK,B0FNQK2PZK,英国香蕉服装图评,banana costume,PLUSONE SERVICES LTD UKSHOP,Need Image Review,https://amzn.to/4pazROy,https://m.media-amazon.com/images/I/514YnLif7KL._AC_SX679_.jpg,0.00,0.00,active
UK,B0FNQK2PZK,英国香蕉服装,banana costume,PLUSONE SERVICES LTD UKSHOP,Need Text Review,https://amzn.to/3K0pUUx,https://m.media-amazon.com/images/I/514YnLif7KL._AC_SX679_.jpg,0.00,0.00,active
UK,B0FHH2RWDS,英国石膏套,Hand Cast Cover for Shower,xubeiQiQin,Need Text Review,https://amzn.to/4inNOWs,https://m.media-amazon.com/images/I/71A3Y4OCdpL._SX522_.jpg,0.00,0.00,active
